{"cameraMode":{"drawMode":0,"name":"Shaded","section":"Shading Mode"},"sceneLighting":false,"audioPlay":false,"sceneViewState":{"showFog":true,"showMaterialUpdate":false,"showSkybox":false,"showFlares":true,"showImageEffects":true,"showParticleSystems":true},"in2DMode":false,"pivot":{"x":0.0022227580193430187,"y":0.07791675627231598,"z":0.07057151198387146},"rotation":{"x":-0.15723419189453126,"y":-0.18692174553871156,"z":0.03029518574476242,"w":-0.9692866206169128},"size":0.8660253882408142,"orthographic":false}