{"cameraMode":{"drawMode":0,"name":"Shaded","section":"Shading Mode"},"sceneLighting":false,"audioPlay":false,"sceneViewState":{"showFog":true,"showMaterialUpdate":false,"showSkybox":false,"showFlares":true,"showImageEffects":true,"showParticleSystems":true},"in2DMode":false,"pivot":{"x":-13.506943702697754,"y":-8.523184776306153,"z":1.8308360576629639},"rotation":{"x":-0.23977406322956086,"y":-0.17650753259658814,"z":0.044329579919576648,"w":-0.9536616206169128},"size":65.41281127929688,"orthographic":false}