{"cameraMode":{"drawMode":0,"name":"Shaded","section":"Shading Mode"},"sceneLighting":false,"audioPlay":false,"sceneViewState":{"showFog":true,"showMaterialUpdate":false,"showSkybox":false,"showFlares":true,"showImageEffects":true,"showParticleSystems":true},"in2DMode":false,"pivot":{"x":-2.143697738647461,"y":-0.8429743051528931,"z":1.7969136238098145},"rotation":{"x":-0.16467951238155366,"y":-0.40644803643226626,"z":0.0746714249253273,"w":-0.8956499099731445},"size":3.2660250663757326,"orthographic":false}