{"cameraMode":{"drawMode":0,"name":"Shaded","section":"Shading Mode"},"sceneLighting":true,"audioPlay":false,"sceneViewState":{"showFog":true,"showMaterialUpdate":false,"showSkybox":true,"showFlares":true,"showImageEffects":true,"showParticleSystems":true},"in2DMode":false,"pivot":{"x":26.77467918395996,"y":7.981856822967529,"z":1.1901793479919434},"rotation":{"x":-0.07673661410808563,"y":-0.008980851620435715,"z":0.0006229839054867625,"w":-0.997065544128418},"size":15.520513534545899,"orthographic":false}